node	74194856	11.3166160	50.9605911	DE	Weimar	Berkaer Straße
node	255595602	11.3293593	50.9786846	DE	Weimar	Frauentorstraße
node	277529223	11.3348275	51.0086361	DE	Weimar	Ernst-Busse-Straße
node	309954768	11.3210123	50.9786948	DE	Weimar	Steubenstraße
node	329983102	11.3217698	50.9780370	DE	Weimar	Lisztstraße
node	329991022	11.3263522	50.9774667	DE	Weimar	Schützengasse
node	338929883	11.3314810	50.9727373	DE	Weimar	Berkaer Straße
node	345531828	11.3170011	50.9775488	DE	Weimar	Trierer Straße
node	347264851	11.3168770	50.9743476	DE	Weimar	Gutenbergstraße
node	347264852	11.3159286	50.9745918	DE	Weimar	Gutenbergstraße
node	360643692	11.3313179	50.9806379	DE	Weimar	Burgplatz
node	360643693	11.3312874	50.9804347	DE	Weimar	Burgplatz
node	360649160	11.3276438	50.9787017	DE	Weimar	Schillerstraße
node	360653553	11.3306805	50.9771531	DE	Weimar	Brauhausgasse
node	360657895	11.3274326	50.9742751	DE	Weimar	Geschwister-Scholl-Straße
node	362968153	11.3298032	50.9789829	DE	Weimar	Markt
node	363347660	11.3314923	50.9935301	DE	Weimar	Buttelstedter Straße
node	363347662	11.3317658	50.9943366	DE	Weimar	Buttelstedter Straße
node	364033896	11.3230829	50.9928619	DE	Weimar	Hinter dem Bahnhof
node	364036625	11.3313950	51.0122276	DE	Weimar	Überm Gänseholze
node	364036626	11.3312007	51.0121812	DE	Weimar	Überm Gänseholze
node	374179749	11.3655032	50.9931983	DE	Tiefurt	Hauptstraße
node	374179776	11.3344963	51.0087648	DE	Weimar	Ernst-Busse-Straße
node	416828564	11.3058685	50.9856682	DE	Weimar	Budapester Straße
node	422509885	11.3268877	50.9811732	DE	Weimar	Scherfgasse
node	429226604	11.3218281	50.9781364	DE	Weimar	Lisztstraße
node	429229699	11.3293527	50.9821876	DE	Weimar	Graben
node	444850526	11.3286730	50.9850982	DE	Weimar	Friedensstraße
node	450626446	11.3272172	50.9792855	DE	Weimar	Schillerstraße
node	518522750	11.3253163	50.9801630	DE	Weimar	Theaterplatz
node	518746919	11.3264535	50.9789080	DE	Weimar	Hummelstraße
node	633211321	11.3275067	50.9782605	DE	Weimar	Brauhausgasse
node	698968206	11.3272818	50.9757614	DE	Weimar	Amalienstraße
node	842985705	11.3616199	50.9936780	DE	Tiefurt	Hauptstraße
node	842985712	11.3622367	50.9934806	DE	Tiefurt	Hauptstraße
node	842985732	11.3619157	50.9937516	DE	Tiefurt	Hauptstraße
node	843012462	11.3613658	50.9939468	DE	Tiefurt	Hauptstraße
node	843012465	11.3612585	50.9939840	DE	Tiefurt	Hauptstraße
node	843012473	11.3610091	50.9940971	DE	Tiefurt	Hauptstraße
node	923646577	11.3812928	51.0015372	DE	Kromsdorf	Karl-Marx-Straße
node	951469570	11.3262769	50.9839889	DE	Weimar	Friedensstraße
node	951470913	11.3319659	50.9852060	DE	Weimar	Am Kirschberg
node	951484543	11.3291889	50.9808226	DE	Weimar	Herderplatz
node	1010454355	11.3321899	50.9927118	DE	Weimar	Buttelstedter Straße
node	1010454358	11.3247865	50.9801424	DE	Weimar	Theaterplatz
node	1031000366	11.3310294	51.0121402	DE	Weimar	Überm Gänseholze
node	1031000374	11.3307631	51.0120317	DE	Weimar	Überm Gänseholze
node	1031000380	11.3305955	51.0119938	DE	Weimar	Überm Gänseholze
node	1031000385	11.3304267	51.0119555	DE	Weimar	Überm Gänseholze
node	1031000388	11.3300419	51.0119745	DE	Weimar	Überm Gänseholze
node	1031000392	11.3298735	51.0119355	DE	Weimar	Überm Gänseholze
node	1031000406	11.3297022	51.0118958	DE	Weimar	Überm Gänseholze
node	1034633665	11.3600747	50.9944760	DE	Tiefurt	Langer Weg
node	1042738829	11.3218458	50.9782456	DE	Weimar	Lisztstraße
node	1175474928	11.2825012	50.9581648	DE	Niedergrunstedt	Am Bäckerplatz
node	1175475193	11.2781337	50.9566174	DE	Niedergrunstedt	Obergrunstedter Straße
node	1175476022	11.2822791	50.9578210	DE	Niedergrunstedt	Am Bäckerplatz
node	1175476143	11.2810512	50.9575892	DE	Niedergrunstedt	Obergrunstedter Straße
node	1177971137	11.2843397	50.9570980	DE	Weimar	Am Klasberg
node	1177971189	11.2711980	50.9548996	DE	Obergrunstedt	Bahnhof
node	1195137286	11.3159755	50.9941755	DE	Weimar	Marcel-Paul-Straße
node	1340940185	11.3303844	50.9791976	DE	Weimar	Markt
node	1363944360	11.2757670	50.9970464	DE	Weimar	Brückners Ecke
node	1363944361	11.2757015	50.9975532	DE	Weimar	Brückners Ecke
node	1363944362	11.2753924	50.9979418	DE	Weimar	Teichgässchen
node	1373763500	11.3442420	50.9717588	DE	Weimar	Bodelschwinghstraße
node	1484753073	11.3292991	50.9808261	DE	Weimar	Herderplatz
node	1536482787	11.3294361	50.9750165	DE	Weimar	Marienstraße
node	1721691660	11.3295374	50.9766271	DE	Weimar	Beethovenplatz
node	1721699356	11.3298646	50.9820114	DE	Weimar	Jakobstraße
node	1845120302	11.3327027	50.9873168	DE	Weimar	Eduard-Rosenthal-Straße
node	1989467891	11.3303601	50.9789204	DE	Weimar	Markt
node	2050381851	11.3116730	50.9774881	DE	Weimar	Leonhard-Frank-Straße
node	2050381852	11.3114550	50.9775115	DE	Weimar	Leonhard-Frank-Straße
node	2050381853	11.3112418	50.9775344	DE	Weimar	Leonhard-Frank-Straße
node	2068203459	11.3047434	50.9867472	DE	Weimar	Berliner Straße
node	2068203466	11.3095295	50.9867802	DE	Weimar	Budapester Straße
node	2068203472	11.3109907	50.9891265	DE	Weimar	Moskauer Straße
node	2068203477	11.3024120	50.9876746	DE	Weimar	Soproner Straße
node	2068203487	11.3088160	50.9867371	DE	Weimar	Warschauer Straße
node	2068203492	11.3056044	50.9878040	DE	Weimar	Berliner Straße
node	2068203497	11.3085823	50.9860101	DE	Weimar	Budapester Straße
node	2068203502	11.3056621	50.9891702	DE	Weimar	Kaunaser Straße
node	2068203507	11.3110404	50.9899644	DE	Weimar	Moskauer Straße
node	2068203508	11.3100061	50.9892677	DE	Weimar	Prager Straße
node	2068203789	11.3032715	50.9871913	DE	Weimar	Soproner Straße
node	2068203800	11.3092292	50.9874224	DE	Weimar	Warschauer Straße
node	2068203810	11.3051102	50.9901014	DE	Weimar	Moskauer Straße
node	2068203836	11.3052679	50.9900995	DE	Weimar	Moskauer Straße
node	2068203844	11.3054060	50.9900979	DE	Weimar	Moskauer Straße
node	2068203851	11.3055364	50.9900963	DE	Weimar	Moskauer Straße
node	2068203863	11.3056746	50.9900946	DE	Weimar	Moskauer Straße
node	2068203876	11.3047355	50.9872878	DE	Weimar	Berliner Straße
node	2068203886	11.3084101	50.9860117	DE	Weimar	Budapester Straße
node	2068203894	11.3054754	50.9888469	DE	Weimar	Kaunaser Straße
node	2068204003	11.3110436	50.9900649	DE	Weimar	Moskauer Straße
node	2068204017	11.3029488	50.9883286	DE	Weimar	Soproner Straße
node	2068204022	11.3079569	50.9867627	DE	Weimar	Warschauer Straße
node	2068204028	11.3058109	50.9900930	DE	Weimar	Moskauer Straße
node	2068204035	11.3059549	50.9900912	DE	Weimar	Moskauer Straße
node	2068204043	11.3060892	50.9900896	DE	Weimar	Moskauer Straße
node	2068204051	11.3062273	50.9900880	DE	Weimar	Moskauer Straße
node	2068204059	11.3065715	50.9902566	DE	Weimar	Moskauer Straße
node	2068204067	11.3054655	50.9878052	DE	Weimar	Berliner Straße
node	2068204076	11.3082402	50.9860132	DE	Weimar	Budapester Straße
node	2068204205	11.3054970	50.9891717	DE	Weimar	Kaunaser Straße
node	2068204213	11.3110470	50.9901775	DE	Weimar	Moskauer Straße
node	2068204221	11.3100082	50.9893543	DE	Weimar	Prager Straße
node	2068204229	11.3032735	50.9872795	DE	Weimar	Soproner Straße
node	2068204237	11.3092316	50.9875297	DE	Weimar	Warschauer Straße
node	2068204256	11.3065935	50.9903424	DE	Weimar	Moskauer Straße
node	2068204265	11.3065758	50.9904354	DE	Weimar	Moskauer Straße
node	2068204273	11.3065778	50.9905212	DE	Weimar	Moskauer Straße
node	2068204280	11.3065799	50.9906082	DE	Weimar	Moskauer Straße
node	2068204285	11.3066031	50.9906928	DE	Weimar	Moskauer Straße
node	2068204403	11.3047389	50.9874021	DE	Weimar	Berliner Straße
node	2068204412	11.3080581	50.9860294	DE	Weimar	Budapester Straße
node	2068204420	11.3053073	50.9888487	DE	Weimar	Kaunaser Straße
node	2068204427	11.3109324	50.9903342	DE	Weimar	Moskauer Straße
node	2068204435	11.3031222	50.9883264	DE	Weimar	Soproner Straße
node	2068204444	11.3077652	50.9867647	DE	Weimar	Warschauer Straße
node	2068204448	11.3065844	50.9907944	DE	Weimar	Moskauer Straße
node	2068204453	11.3065864	50.9908777	DE	Weimar	Moskauer Straße
node	2068204471	11.3053196	50.9878065	DE	Weimar	Berliner Straße
node	2068204479	11.3078899	50.9860309	DE	Weimar	Budapester Straße
node	2068204597	11.3053236	50.9891733	DE	Weimar	Kaunaser Straße
node	2068204605	11.3108125	50.9904119	DE	Weimar	Moskauer Straße
node	2068204609	11.3100103	50.9894383	DE	Weimar	Prager Straße
node	2068204616	11.3032754	50.9873641	DE	Weimar	Soproner Straße
node	2068204623	11.3092342	50.9876414	DE	Weimar	Warschauer Straße
node	2068204631	11.3047421	50.9875069	DE	Weimar	Berliner Straße
node	2068204639	11.3077165	50.9860325	DE	Weimar	Budapester Straße
node	2068204648	11.3051392	50.9888506	DE	Weimar	Kaunaser Straße
node	2068204666	11.3106955	50.9904876	DE	Weimar	Moskauer Straße
node	2068204674	11.3033924	50.9884606	DE	Weimar	Soproner Straße
node	2068204781	11.3076101	50.9867663	DE	Weimar	Warschauer Straße
node	2068204788	11.3051823	50.9878077	DE	Weimar	Berliner Straße
node	2068204797	11.3075483	50.9860340	DE	Weimar	Budapester Straße
node	2068204805	11.3051461	50.9891750	DE	Weimar	Kaunaser Straße
node	2068204814	11.3105756	50.9905653	DE	Weimar	Moskauer Straße
node	2068204822	11.3100125	50.9895267	DE	Weimar	Prager Straße
node	2068204831	11.3032775	50.9874523	DE	Weimar	Soproner Straße
node	2068204841	11.3092366	50.9877495	DE	Weimar	Warschauer Straße
node	2068204845	11.3073887	50.9860355	DE	Weimar	Budapester Straße
node	2068204849	11.3049711	50.9888525	DE	Weimar	Kaunaser Straße
node	2068204905	11.3103206	50.9906270	DE	Weimar	Moskauer Straße
node	2068204910	11.3033959	50.9885714	DE	Weimar	Soproner Straße
node	2068204916	11.3074403	50.9867681	DE	Weimar	Warschauer Straße
node	2068204921	11.3050467	50.9878089	DE	Weimar	Berliner Straße
node	2068204925	11.3072154	50.9860370	DE	Weimar	Budapester Straße
node	2068204929	11.3049740	50.9891766	DE	Weimar	Kaunaser Straße
node	2068204934	11.3101432	50.9906289	DE	Weimar	Moskauer Straße
node	2068204938	11.3100146	50.9896133	DE	Weimar	Prager Straße
node	2068204942	11.3032796	50.9875454	DE	Weimar	Soproner Straße
node	2068204946	11.3091601	50.9878594	DE	Weimar	Warschauer Straße
node	2068205042	11.3070490	50.9860385	DE	Weimar	Budapester Straße
node	2068205043	11.3048030	50.9888543	DE	Weimar	Kaunaser Straße
node	2068205044	11.3099779	50.9906306	DE	Weimar	Moskauer Straße
node	2068205045	11.3072544	50.9867700	DE	Weimar	Warschauer Straße
node	2068205046	11.3065340	50.9897151	DE	Weimar	Kaunaser Straße
node	2068205047	11.3096266	50.9887340	DE	Weimar	Prager Straße
node	2068205048	11.3065167	50.9892872	DE	Weimar	Kaunaser Straße
node	2068205049	11.3090825	50.9887712	DE	Weimar	Prager Straße
node	2068205050	11.3086787	50.9887432	DE	Weimar	Prager Straße
node	2068205051	11.3095276	50.9866763	DE	Weimar	Budapester Straße
node	2068205058	11.3059543	50.9895759	DE	Weimar	Kaunaser Straße
node	2068205059	11.3110191	50.9892183	DE	Weimar	Moskauer Straße
node	2068205060	11.3107138	50.9889914	DE	Weimar	Prager Straße
node	2068205061	11.3032635	50.9868409	DE	Weimar	Soproner Straße
node	2068205062	11.3092209	50.9870621	DE	Weimar	Warschauer Straße
node	2068205063	11.3049146	50.9878101	DE	Weimar	Berliner Straße
node	2068205064	11.3068790	50.9860401	DE	Weimar	Budapester Straße
node	2068205065	11.3048006	50.9891782	DE	Weimar	Kaunaser Straße
node	2068205066	11.3098125	50.9906323	DE	Weimar	Moskauer Straße
node	2068205068	11.3100167	50.9896974	DE	Weimar	Prager Straße
node	2068205107	11.3032815	50.9876287	DE	Weimar	Soproner Straße
node	2068205112	11.3089859	50.9878618	DE	Weimar	Warschauer Straße
node	2068205117	11.3044901	50.9865907	DE	Weimar	Budapester Straße
node	2068205119	11.3046349	50.9888562	DE	Weimar	Kaunaser Straße
node	2068205120	11.3096822	50.9906336	DE	Weimar	Moskauer Straße
node	2068205121	11.3070890	50.9867717	DE	Weimar	Warschauer Straße
node	2068205122	11.3047705	50.9878113	DE	Weimar	Berliner Straße
node	2068205123	11.3043636	50.9865922	DE	Weimar	Budapester Straße
node	2068205124	11.3046368	50.9891797	DE	Weimar	Kaunaser Straße
node	2068205125	11.3095521	50.9906541	DE	Weimar	Moskauer Straße
node	2068205127	11.3100188	50.9897857	DE	Weimar	Prager Straße
node	2068205128	11.3032834	50.9877120	DE	Weimar	Soproner Straße
node	2068205129	11.3088074	50.9878642	DE	Weimar	Warschauer Straße
node	2068205130	11.3042176	50.9865940	DE	Weimar	Budapester Straße
node	2068205131	11.3044668	50.9888580	DE	Weimar	Kaunaser Straße
node	2068205132	11.3093922	50.9906366	DE	Weimar	Moskauer Straße
node	2068205133	11.3069295	50.9867734	DE	Weimar	Warschauer Straße
node	2068205134	11.3046367	50.9878125	DE	Weimar	Berliner Straße
node	2068205138	11.3040735	50.9865957	DE	Weimar	Budapester Straße
node	2068205143	11.3044538	50.9891814	DE	Weimar	Kaunaser Straße
node	2068205196	11.3092384	50.9906382	DE	Weimar	Moskauer Straße
node	2068205200	11.3100209	50.9898715	DE	Weimar	Prager Straße
node	2068205203	11.3032854	50.9878003	DE	Weimar	Soproner Straße
node	2068205210	11.3086487	50.9878664	DE	Weimar	Warschauer Straße
node	2068205215	11.3039392	50.9865973	DE	Weimar	Budapester Straße
node	2068205220	11.3042988	50.9888599	DE	Weimar	Kaunaser Straße
node	2068205225	11.3091197	50.9906394	DE	Weimar	Moskauer Straße
node	2068205229	11.3066581	50.9865545	DE	Weimar	Warschauer Straße
node	2068205233	11.3045011	50.9878137	DE	Weimar	Berliner Straße
node	2068205238	11.3037796	50.9865992	DE	Weimar	Budapester Straße
node	2068205330	11.3089581	50.9906411	DE	Weimar	Moskauer Straße
node	2068205335	11.3097755	50.9899281	DE	Weimar	Prager Straße
node	2068205339	11.3036610	50.9866007	DE	Weimar	Budapester Straße
node	2068205344	11.3041307	50.9888618	DE	Weimar	Kaunaser Straße
node	2068205349	11.3087752	50.9906430	DE	Weimar	Moskauer Straße
node	2068205353	11.3066556	50.9864472	DE	Weimar	Warschauer Straße
node	2068205358	11.3043656	50.9878149	DE	Weimar	Berliner Straße
node	2068205362	11.3035247	50.9866023	DE	Weimar	Budapester Straße
node	2068205364	11.3085884	50.9906449	DE	Weimar	Moskauer Straße
node	2068205367	11.3096042	50.9899298	DE	Weimar	Prager Straße
node	2068205430	11.3039626	50.9888636	DE	Weimar	Kaunaser Straße
node	2068205435	11.3083637	50.9904210	DE	Weimar	Moskauer Straße
node	2068205440	11.3066531	50.9863382	DE	Weimar	Warschauer Straße
node	2068205444	11.3047461	50.9868337	DE	Weimar	Berliner Straße
node	2068205448	11.3095257	50.9865724	DE	Weimar	Budapester Straße
node	2068205452	11.3109943	50.9893023	DE	Weimar	Moskauer Straße
node	2068205457	11.3022049	50.9884719	DE	Weimar	Soproner Straße
node	2068205462	11.3086549	50.9867388	DE	Weimar	Warschauer Straße
node	2068205466	11.3041964	50.9878344	DE	Weimar	Berliner Straße
node	2068205470	11.3038942	50.9889196	DE	Weimar	Kaunaser Straße
node	2068205534	11.3083614	50.9903230	DE	Weimar	Moskauer Straße
node	2068205538	11.3094427	50.9899313	DE	Weimar	Prager Straße
node	2068205542	11.3038973	50.9890335	DE	Weimar	Kaunaser Straße
node	2068205545	11.3083592	50.9902250	DE	Weimar	Moskauer Straße
node	2068205551	11.3066506	50.9862265	DE	Weimar	Warschauer Straße
node	2068205555	11.3040189	50.9878359	DE	Weimar	Berliner Straße
node	2068205559	11.3039002	50.9891376	DE	Weimar	Kaunaser Straße
node	2068205564	11.3083568	50.9901172	DE	Weimar	Moskauer Straße
node	2068205568	11.3092616	50.9899330	DE	Weimar	Prager Straße
node	2068205572	11.3039033	50.9892479	DE	Weimar	Kaunaser Straße
node	2068205642	11.3078193	50.9906842	DE	Weimar	Moskauer Straße
node	2068205649	11.3073891	50.9906872	DE	Weimar	Moskauer Straße
node	2068205652	11.3038523	50.9878374	DE	Weimar	Berliner Straße
node	2068205665	11.3039058	50.9893374	DE	Weimar	Kaunaser Straße
node	2068205674	11.3062487	50.9910325	DE	Weimar	Moskauer Straße
node	2068205680	11.3090943	50.9899346	DE	Weimar	Prager Straße
node	2068205685	11.3039336	50.9894243	DE	Weimar	Kaunaser Straße
node	2068205690	11.3061008	50.9910492	DE	Weimar	Moskauer Straße
node	2068205694	11.3036761	50.9878389	DE	Weimar	Berliner Straße
node	2068205699	11.3039108	50.9895137	DE	Weimar	Kaunaser Straße
node	2068205822	11.3059782	50.9910352	DE	Weimar	Moskauer Straße
node	2068205831	11.3089191	50.9899362	DE	Weimar	Prager Straße
node	2068205839	11.3039131	50.9895972	DE	Weimar	Kaunaser Straße
node	2068205849	11.3058400	50.9910366	DE	Weimar	Moskauer Straße
node	2068205858	11.3056842	50.9910202	DE	Weimar	Moskauer Straße
node	2068205866	11.3087537	50.9899378	DE	Weimar	Prager Straße
node	2068205871	11.3055538	50.9910344	DE	Weimar	Moskauer Straße
node	2068205878	11.3095237	50.9864686	DE	Weimar	Budapester Straße
node	2068205887	11.3059519	50.9894909	DE	Weimar	Kaunaser Straße
node	2068205892	11.3109963	50.9893984	DE	Weimar	Moskauer Straße
node	2068205990	11.3105329	50.9889929	DE	Weimar	Prager Straße
node	2068205995	11.3032655	50.9869291	DE	Weimar	Soproner Straße
node	2068206000	11.3092229	50.9871477	DE	Weimar	Warschauer Straße
node	2068206004	11.3054195	50.9910229	DE	Weimar	Moskauer Straße
node	2068206010	11.3085921	50.9899393	DE	Weimar	Prager Straße
node	2068206020	11.3052871	50.9910242	DE	Weimar	Moskauer Straße
node	2068206025	11.3051509	50.9910256	DE	Weimar	Moskauer Straße
node	2068206030	11.3050069	50.9910396	DE	Weimar	Moskauer Straße
node	2068206034	11.3048513	50.9910287	DE	Weimar	Moskauer Straße
node	2068206036	11.3047189	50.9910300	DE	Weimar	Moskauer Straße
node	2068206129	11.3043220	50.9910337	DE	Weimar	Moskauer Straße
node	2068206139	11.3041844	50.9910531	DE	Weimar	Moskauer Straße
node	2068206147	11.3040413	50.9910359	DE	Weimar	Moskauer Straße
node	2068206167	11.3038913	50.9910384	DE	Weimar	Moskauer Straße
node	2068206175	11.3047494	50.9869455	DE	Weimar	Berliner Straße
node	2068206184	11.3093921	50.9862888	DE	Weimar	Budapester Straße
node	2068206190	11.3110245	50.9894903	DE	Weimar	Moskauer Straße
node	2068206198	11.3086265	50.9884130	DE	Weimar	Prager Straße
node	2068206208	11.3022651	50.9885393	DE	Weimar	Soproner Straße
node	2068206216	11.3084794	50.9867406	DE	Weimar	Warschauer Straße
node	2068206366	11.3037564	50.9910549	DE	Weimar	Moskauer Straße
node	2068206375	11.3036201	50.9910741	DE	Weimar	Moskauer Straße
node	2068206383	11.3034853	50.9910594	DE	Weimar	Moskauer Straße
node	2068206386	11.3033530	50.9910616	DE	Weimar	Moskauer Straße
node	2068206388	11.3030953	50.9910052	DE	Weimar	Moskauer Straße
node	2068206394	11.3029731	50.9909315	DE	Weimar	Moskauer Straße
node	2068206398	11.3028516	50.9908581	DE	Weimar	Moskauer Straße
node	2068206403	11.3027265	50.9907826	DE	Weimar	Moskauer Straße
node	2068206409	11.3026059	50.9906281	DE	Weimar	Moskauer Straße
node	2068206415	11.3026040	50.9905414	DE	Weimar	Moskauer Straße
node	2068206655	11.3058720	50.9878016	DE	Weimar	Berliner Straße
node	2068206664	11.3092632	50.9862111	DE	Weimar	Budapester Straße
node	2068206672	11.3059712	50.9894035	DE	Weimar	Kaunaser Straße
node	2068206680	11.3110587	50.9895691	DE	Weimar	Moskauer Straße
node	2068206689	11.3103655	50.9889942	DE	Weimar	Prager Straße
node	2068206696	11.3032675	50.9870174	DE	Weimar	Soproner Straße
node	2068206704	11.3092248	50.9872306	DE	Weimar	Warschauer Straße
node	2068206712	11.3026017	50.9904358	DE	Weimar	Moskauer Straße
node	2068206724	11.3025995	50.9903335	DE	Weimar	Moskauer Straße
node	2068206729	11.3029454	50.9901241	DE	Weimar	Moskauer Straße
node	2068206808	11.3030894	50.9901230	DE	Weimar	Moskauer Straße
node	2068206814	11.3032160	50.9901220	DE	Weimar	Moskauer Straße
node	2068206815	11.3039535	50.9898223	DE	Weimar	Moskauer Straße
node	2068206816	11.3033580	50.9901209	DE	Weimar	Moskauer Straße
node	2068206817	11.3041270	50.9898203	DE	Weimar	Moskauer Straße
node	2068206818	11.3047527	50.9870538	DE	Weimar	Berliner Straße
node	2068206819	11.3091465	50.9861407	DE	Weimar	Budapester Straße
node	2068206820	11.3058116	50.9888432	DE	Weimar	Kaunaser Straße
node	2068206821	11.3110310	50.9896601	DE	Weimar	Moskauer Straße
node	2068206822	11.3026391	50.9883326	DE	Weimar	Soproner Straße
node	2068206836	11.3083096	50.9867424	DE	Weimar	Warschauer Straße
node	2068206837	11.3035001	50.9901198	DE	Weimar	Moskauer Straße
node	2068206838	11.3043004	50.9898183	DE	Weimar	Moskauer Straße
node	2068206839	11.3036344	50.9901187	DE	Weimar	Moskauer Straße
node	2068206840	11.3044738	50.9898162	DE	Weimar	Moskauer Straße
node	2068206841	11.3037667	50.9901177	DE	Weimar	Moskauer Straße
node	2068206842	11.3046279	50.9898144	DE	Weimar	Moskauer Straße
node	2068206843	11.3039068	50.9901166	DE	Weimar	Moskauer Straße
node	2068206844	11.3048110	50.9898123	DE	Weimar	Moskauer Straße
node	2068206845	11.3041601	50.9903548	DE	Weimar	Moskauer Straße
node	2068206852	11.3049940	50.9898102	DE	Weimar	Moskauer Straße
node	2068206857	11.3057399	50.9878028	DE	Weimar	Berliner Straße
node	2068206861	11.3090439	50.9860788	DE	Weimar	Budapester Straße
node	2068206865	11.3059467	50.9893117	DE	Weimar	Kaunaser Straße
node	2068206866	11.3110336	50.9897424	DE	Weimar	Moskauer Straße
node	2068206870	11.3101942	50.9889956	DE	Weimar	Prager Straße
node	2068206875	11.3032693	50.9870970	DE	Weimar	Soproner Straße
node	2068206880	11.3092269	50.9873234	DE	Weimar	Warschauer Straße
node	2068206885	11.3041624	50.9904662	DE	Weimar	Moskauer Straße
node	2068206889	11.3051770	50.9898080	DE	Weimar	Moskauer Straße
node	2068206951	11.3041646	50.9905801	DE	Weimar	Moskauer Straße
node	2068206959	11.3053297	50.9898063	DE	Weimar	Moskauer Straße
node	2068206961	11.3041667	50.9906831	DE	Weimar	Moskauer Straße
node	2068206967	11.3054651	50.9898047	DE	Weimar	Moskauer Straße
node	2068206971	11.3046488	50.9906780	DE	Weimar	Moskauer Straße
node	2068206976	11.3056010	50.9898216	DE	Weimar	Moskauer Straße
node	2068206981	11.3046160	50.9905873	DE	Weimar	Moskauer Straße
node	2068206985	11.3057358	50.9898012	DE	Weimar	Moskauer Straße
node	2068206989	11.3047326	50.9871925	DE	Weimar	Berliner Straße
node	2068206994	11.3087546	50.9860086	DE	Weimar	Budapester Straße
node	2068207111	11.3056435	50.9888450	DE	Weimar	Kaunaser Straße
node	2068207116	11.3110372	50.9898604	DE	Weimar	Moskauer Straße
node	2068207120	11.3028139	50.9883304	DE	Weimar	Soproner Straße
node	2068207125	11.3081253	50.9867609	DE	Weimar	Warschauer Straße
node	2068207129	11.3046432	50.9905004	DE	Weimar	Moskauer Straße
node	2068207133	11.3046407	50.9904233	DE	Weimar	Moskauer Straße
node	2068207137	11.3047149	50.9901062	DE	Weimar	Moskauer Straße
node	2068207141	11.3048512	50.9901046	DE	Weimar	Moskauer Straße
node	2068207146	11.3049875	50.9901029	DE	Weimar	Moskauer Straße
node	2078390524	11.3142476	50.9839390	DE	Weimar	Jean-Sibelius-Straße
node	2078390530	11.3143136	50.9840682	DE	Weimar	Schwanseestraße
node	2078390533	11.3141068	50.9840596	DE	Weimar	Schwanseestraße
node	2078390540	11.3138581	50.9840484	DE	Weimar	Schwanseestraße
node	2078390545	11.3121459	50.9837046	DE	Weimar	Schwanseestraße
node	2078390550	11.3119109	50.9836558	DE	Weimar	Schwanseestraße
node	2078390555	11.3116852	50.9836090	DE	Weimar	Schwanseestraße
node	2078390560	11.3113276	50.9835382	DE	Weimar	Schwanseestraße
node	2078390565	11.3111164	50.9834950	DE	Weimar	Schwanseestraße
node	2079108024	11.3131204	50.9829752	DE	Weimar	Pfeifferstraße
node	2079108025	11.3126420	50.9828980	DE	Weimar	Pfeifferstraße
node	2082004098	11.3128036	50.9780021	DE	Weimar	Abraham-Lincoln-Straße
node	2082004104	11.3130498	50.9780278	DE	Weimar	Abraham-Lincoln-Straße
node	2082004113	11.3132985	50.9780537	DE	Weimar	Abraham-Lincoln-Straße
node	2082004247	11.3115636	50.9782613	DE	Weimar	Abraham-Lincoln-Straße
node	2082004253	11.3117565	50.9782819	DE	Weimar	Abraham-Lincoln-Straße
node	2082004260	11.3119450	50.9783020	DE	Weimar	Abraham-Lincoln-Straße
node	2082004269	11.3121271	50.9783214	DE	Weimar	Abraham-Lincoln-Straße
node	2082004290	11.3123207	50.9783420	DE	Weimar	Abraham-Lincoln-Straße
node	2082004293	11.3126864	50.9783908	DE	Weimar	Abraham-Lincoln-Straße
node	2082004295	11.3129384	50.9784188	DE	Weimar	Abraham-Lincoln-Straße
node	2082004298	11.3131822	50.9784460	DE	Weimar	Abraham-Lincoln-Straße
node	2083321643	11.3167688	50.9774152	DE	Weimar	August-Bebel-Platz
node	2087239797	11.3584798	50.9945368	DE	Tiefurt	Am Ilmhang
node	2087239798	11.3564719	50.9944980	DE	Tiefurt	Am Ilmhang
node	2088526795	11.3271625	50.9789177	DE	Weimar	Schillerstraße
node	2099103268	11.3298277	50.9820807	DE	Weimar	Jakobstraße
node	2099112588	11.3589024	50.9946215	DE	Tiefurt	Am Ilmhang
node	2099112589	11.3569668	50.9947167	DE	Tiefurt	Am Ilmhang
node	2123653763	11.3587329	50.9946563	DE	Tiefurt	Am Ilmhang
node	2123653764	11.3585348	50.9946852	DE	Tiefurt	Am Ilmhang
node	2142719505	11.3633439	51.0029203	DE	Kromsdorf	Dorfstraße
node	2212904284	11.3280934	50.9788955	DE	Weimar	Schillerstraße
node	2281071402	11.3320167	51.0131141	DE	Weimar	Ernst-Busse-Straße
node	2281071406	11.3319432	51.0130719	DE	Weimar	Ernst-Busse-Straße
node	2281071410	11.3318492	51.0130177	DE	Weimar	Ernst-Busse-Straße
node	2281071414	11.3322341	51.0127236	DE	Weimar	Ernst-Busse-Straße
node	2281071418	11.3321400	51.0126700	DE	Weimar	Ernst-Busse-Straße
node	2281071423	11.3320513	51.0126195	DE	Weimar	Ernst-Busse-Straße
node	2281071427	11.3319534	51.0125637	DE	Weimar	Ernst-Busse-Straße
node	2281071457	11.3321285	51.0131785	DE	Weimar	Ernst-Busse-Straße
node	2281081820	11.3306565	51.0123986	DE	Weimar	Überm Gänseholze
node	2281081826	11.3304934	51.0123604	DE	Weimar	Überm Gänseholze
node	2281081836	11.3301508	51.0123463	DE	Weimar	Überm Gänseholze
node	2281081841	11.3298484	51.0129719	DE	Weimar	Im Winkel
node	2281081846	11.3299974	51.0123106	DE	Weimar	Überm Gänseholze
node	2281081851	11.3296820	51.0129341	DE	Weimar	Im Winkel
node	2281081856	11.3298233	51.0122702	DE	Weimar	Überm Gänseholze
node	2281081862	11.3295152	51.0128963	DE	Weimar	Im Winkel
node	2281081867	11.3313370	51.0125686	DE	Weimar	Überm Gänseholze
node	2281081872	11.3296647	51.0122333	DE	Weimar	Überm Gänseholze
node	2281081877	11.3295031	51.0121957	DE	Weimar	Überm Gänseholze
node	2281081884	11.3311379	51.0125219	DE	Weimar	Überm Gänseholze
node	2281081886	11.3309796	51.0124848	DE	Weimar	Überm Gänseholze
node	2281081896	11.3308205	51.0124371	DE	Weimar	Überm Gänseholze
node	2367737170	11.3291692	50.9780327	DE	Weimar	Frauentorstraße
node	2388445598	11.3291176	50.9779551	DE	Weimar	Frauentorstraße
node	2388445603	11.3291041	50.9778972	DE	Weimar	Frauentorstraße
node	2514074932	11.3294768	50.9749119	DE	Weimar	Marienstraße
node	2521444445	11.3313075	50.9805376	DE	Weimar	Burgplatz
node	2573052468	11.3309800	50.9873610	DE	Weimar	Friesstraße
node	2573052495	11.3342603	50.9897368	DE	Weimar	Schlachthofstraße
node	2573052640	11.3309883	50.9875368	DE	Weimar	Friesstraße
node	2573052644	11.3309886	50.9876140	DE	Weimar	Friesstraße
node	2573052645	11.3325094	50.9887954	DE	Weimar	Gläserstraße
node	2573052648	11.3310028	50.9877118	DE	Weimar	Friesstraße
node	2573052651	11.3343033	50.9891919	DE	Weimar	Schlachthofstraße
node	2573052652	11.3309101	50.9872667	DE	Weimar	Eduard-Rosenthal-Straße
node	2581521830	11.3316846	50.9906477	DE	Weimar	Bahnstraße
node	2618628250	11.3274389	50.9902885	DE	Weimar	Brennerstraße
node	2618628255	11.3278046	50.9882792	DE	Weimar	Carl-von-Ossietzky-Straße
node	2670459720	11.3346099	51.0085613	DE	Weimar	Ernst-Busse-Straße
node	2789167658	11.3250908	50.9819163	DE	Weimar	Goetheplatz
node	2810066568	11.3263608	50.9914438	DE	Weimar	Schopenhauerstraße
node	2881856038	11.3344271	51.0085703	DE	Weimar	Ernst-Busse-Straße
node	2975674406	11.3226831	50.9860002	DE	Weimar	Friedrich-Naumann-Straße
node	2975674407	11.3227174	50.9860571	DE	Weimar	Bertuchstraße
node	3018303669	11.3418614	50.9711596	DE	Weimar	Dichterweg
node	3077975295	11.3302396	50.9789957	DE	Weimar	Markt
node	3121754128	11.3264804	50.9784224	DE	Weimar	Schützengasse
node	3323230816	11.3069221	50.9883866	DE	Weimar	Straßburger Platz
node	3323230817	11.3260687	50.9839725	DE	Weimar	Friedensstraße
node	3323230818	11.3200822	50.9617943	DE	Weimar	Henry-van-de-Velde-Straße
node	3323230819	11.3247383	50.9809529	DE	Weimar	Goetheplatz
node	3323230821	11.3341405	51.0083299	DE	Weimar	Ernst-Busse-Straße
node	3353745952	11.3205021	50.9985582	DE	Weimar	Rödchenweg
node	3353745957	11.3200889	50.9984606	DE	Weimar	Rödchenweg
node	3353745971	11.3205072	50.9986478	DE	Weimar	Rödchenweg
node	3353753893	11.3200971	50.9985667	DE	Weimar	Rödchenweg
node	3353753905	11.3204960	50.9984503	DE	Weimar	Rödchenweg
node	3353753912	11.3205094	50.9986866	DE	Weimar	Rödchenweg
node	3353753913	11.3201074	50.9987017	DE	Weimar	Rödchenweg
node	3353753916	11.3201046	50.9986646	DE	Weimar	Rödchenweg
node	3353753918	11.3205049	50.9986072	DE	Weimar	Rödchenweg
node	3353753919	11.3204995	50.9985126	DE	Weimar	Rödchenweg
node	3353753932	11.3201008	50.9986156	DE	Weimar	Rödchenweg
node	3353753935	11.3197825	50.9987070	DE	Weimar	Rödchenweg
node	3353753945	11.3200928	50.9985110	DE	Weimar	Rödchenweg
node	3353753951	11.3197789	50.9986679	DE	Weimar	Rödchenweg
node	3418126687	11.3264578	50.9777546	DE	Weimar	Schützengasse
node	3457004989	11.3371867	50.9833564	DE	Weimar	Am Schießhaus
node	3457004990	11.3372791	50.9833832	DE	Weimar	Am Schießhaus
node	3457004991	11.3373741	50.9834108	DE	Weimar	Am Schießhaus
node	3457005896	11.3375087	50.9834686	DE	Weimar	Am Schießhaus
node	3457005897	11.3376029	50.9834958	DE	Weimar	Am Schießhaus
node	3457005898	11.3376843	50.9835194	DE	Weimar	Am Schießhaus
node	3457014719	11.3379161	50.9835742	DE	Weimar	Am Schießhaus
node	3457014720	11.3380094	50.9836007	DE	Weimar	Am Schießhaus
node	3457014721	11.3381036	50.9836275	DE	Weimar	Am Schießhaus
node	3457014722	11.3382346	50.9836782	DE	Weimar	Am Schießhaus
node	3457014723	11.3383252	50.9837037	DE	Weimar	Am Schießhaus
node	3457014724	11.3383998	50.9837247	DE	Weimar	Am Schießhaus
node	3457020709	11.3388381	50.9838617	DE	Weimar	Am Schießhaus
node	3457020710	11.3389309	50.9838876	DE	Weimar	Am Schießhaus
node	3457020711	11.3390583	50.9839234	DE	Weimar	Am Schießhaus
node	3457020712	11.3391428	50.9839471	DE	Weimar	Am Schießhaus
node	3457027648	11.3389395	50.9833666	DE	Weimar	Überm Schießhaus
node	3457027649	11.3390360	50.9833921	DE	Weimar	Überm Schießhaus
node	3457027650	11.3391460	50.9833919	DE	Weimar	Überm Schießhaus
node	3457027651	11.3392578	50.9833947	DE	Weimar	Überm Schießhaus
node	3457041012	11.3374301	50.9831678	DE	Weimar	Tiefurter Allee
node	3457041013	11.3375219	50.9831934	DE	Weimar	Tiefurter Allee
node	3457041014	11.3377087	50.9832079	DE	Weimar	Überm Schießhaus
node	3457041015	11.3377941	50.9832323	DE	Weimar	Überm Schießhaus
node	3457041016	11.3386679	50.9833909	DE	Weimar	Überm Schießhaus
node	3457041017	11.3387608	50.9834170	DE	Weimar	Überm Schießhaus
node	3457041018	11.3381935	50.9832961	DE	Weimar	Überm Schießhaus
node	3457041019	11.3382806	50.9833203	DE	Weimar	Überm Schießhaus
node	3457041020	11.3384259	50.9833427	DE	Weimar	Überm Schießhaus
node	3457041021	11.3385114	50.9833671	DE	Weimar	Überm Schießhaus
node	3457041022	11.3379560	50.9832491	DE	Weimar	Überm Schießhaus
node	3457041023	11.3380398	50.9832726	DE	Weimar	Überm Schießhaus
node	3475627396	11.3279745	50.9782471	DE	Weimar	Brauhausgasse
node	3475628097	11.3279821	50.9783234	DE	Weimar	Brauhausgasse
node	3481020923	11.3280566	50.9781144	DE	Weimar	Brauhausgasse
node	3553754894	11.3294068	50.9798045	DE	Weimar	Kaufstraße
node	3625856375	11.3281848	50.9793713	DE	Weimar	Windischenstraße
node	3625856376	11.3275437	50.9798899	DE	Weimar	Windischenstraße
node	3625856377	11.3275266	50.9799598	DE	Weimar	Am Palais
node	3625856379	11.3288169	50.9788196	DE	Weimar	Schillerstraße
node	3625856380	11.3291618	50.9787592	DE	Weimar	Schillerstraße
node	3629214274	11.3298618	50.9807973	DE	Weimar	Kaufstraße
node	3629214277	11.3319390	50.9825396	DE	Weimar	Gerberstraße
node	3629214278	11.3282446	50.9779466	DE	Weimar	Frauenplan
node	3629214279	11.3273139	50.9746036	DE	Weimar	Amalienstraße
node	3629214280	11.3299451	50.9816073	DE	Weimar	Jakobstraße
node	3629214281	11.3225667	50.9758204	DE	Weimar	Trierer Straße
node	3629214282	11.3294695	50.9827606	DE	Weimar	Jakobstraße
node	3629214283	11.3289405	50.9824061	DE	Weimar	Graben
node	3629214284	11.3293778	50.9837722	DE	Weimar	Ferdinand-Freiligrath-Straße
node	3629214286	11.3276729	50.9771680	DE	Weimar	Steubenstraße
node	3629214287	11.3267527	50.9766071	DE	Weimar	Humboldtstraße
node	3629214288	11.3210909	50.9788135	DE	Weimar	Steubenstraße
node	3629214289	11.3264701	50.9782559	DE	Weimar	Schützengasse
node	3629214290	11.3264904	50.9786925	DE	Weimar	Hummelstraße
node	3629214291	11.3291738	50.9781153	DE	Weimar	Frauentorstraße
node	3629214292	11.3274722	50.9824154	DE	Weimar	Graben
node	3629227293	11.3276256	50.9736054	DE	Weimar	Rudolf-Breitscheid-Straße
node	3629227294	11.3222558	50.9881586	DE	Weimar	Röhrstraße
node	3629227296	11.3298567	50.9807236	DE	Weimar	Kaufstraße
node	3629227297	11.3298979	50.9805623	DE	Weimar	Kaufstraße
node	3629256170	11.3261025	50.9872822	DE	Weimar	Carl-August-Allee
node	3629256171	11.3286674	50.9799576	DE	Weimar	Marktstraße
node	3629256172	11.3286341	50.9834746	DE	Weimar	Jakobstraße
node	3629256173	11.3270531	50.9828442	DE	Weimar	Rollplatz
node	3629256174	11.3289660	50.9827600	DE	Weimar	Große Kirchgasse
node	3629256175	11.3200348	50.9937295	DE	Weimar	Ettersburger Straße
node	3629256176	11.3286206	50.9835448	DE	Weimar	Jakobstraße
node	3629256177	11.3310009	50.9807044	DE	Weimar	Schloßgasse
node	3629256178	11.3301725	50.9810730	DE	Weimar	Herderplatz
node	3629256179	11.3276384	50.9808962	DE	Weimar	Eisfeld
node	3629256180	11.3274623	50.9808782	DE	Weimar	Eisfeld
node	3629256181	11.3263399	50.9830641	DE	Weimar	Rollplatz
node	3629256182	11.3209061	50.9907491	DE	Weimar	Fuldaer Straße
node	3629256183	11.3297471	50.9865606	DE	Weimar	Friedrich-Ebert-Straße
node	3629256184	11.3287941	50.9808607	DE	Weimar	Eisfeld
node	3629256185	11.3256840	50.9828292	DE	Weimar	Karl-Liebknecht-Straße
node	3629293324	11.3282784	50.9777667	DE	Weimar	Frauenplan
node	3629293325	11.3274650	50.9772016	DE	Weimar	Steubenstraße
node	3629293327	11.3200495	50.9802959	DE	Weimar	Erfurter Straße
node	3629293329	11.3194043	50.9764138	DE	Weimar	Trierer Straße
node	3629293330	11.3282235	50.9776444	DE	Weimar	Frauenplan
node	3629293331	11.3269140	50.9769022	DE	Weimar	Humboldtstraße
node	3629293332	11.3311208	50.9827288	DE	Weimar	Gerberstraße
node	3629293333	11.3221269	50.9757348	DE	Weimar	Trierer Straße
node	3629293334	11.3299287	50.9790152	DE	Weimar	Markt
node	3629293335	11.3265161	50.9808807	DE	Weimar	Geleitstraße
node	3780989318	11.3300793	50.9809129	DE	Weimar	Kaufstraße
